group_folder,anomaly_score
3_adapter/S0001,0.0047916024923324
3_adapter/S0002,0.0019181468524038
3_adapter/S0003,0.003252709750086
3_adapter/S0004,0.002673122100532
3_adapter/S0005,0.0016771773807704
3_adapter/S0006,0.0021774633787572
3_adapter/S0007,0.0424149185419082
3_adapter/S0008,0.0010076855542138
3_adapter/S0009,0.0033742412924766
3_adapter/S0010,0.0021687699481844
3_adapter/S0011,0.0034217871725559
3_adapter/S0012,0.002555716317147
3_adapter/S0013,0.0034227911382913
3_adapter/S0014,0.0016068681143224
3_adapter/S0015,0.00202495791018
DVD_switch/S0001,0.0099138841032981
DVD_switch/S0002,0.0104247946292161
DVD_switch/S0003,0.0104761980473995
DVD_switch/S0004,0.0515709295868873
DVD_switch/S0005,0.0383106097579002
DVD_switch/S0006,0.0474667251110076
DVD_switch/S0007,0.0132914306595921
DVD_switch/S0008,0.043476365506649
DVD_switch/S0009,0.0430948063731193
DVD_switch/S0010,0.0668480172753334
DVD_switch/S0011,0.0916503891348838
DVD_switch/S0012,0.0165484920144081
DVD_switch/S0013,0.06249675527215
DVD_switch/S0014,0.0223451387137174
DVD_switch/S0015,0.0785807371139526
D_sub_connector/S0001,0.0115844719111919
D_sub_connector/S0002,0.0009234620374627
D_sub_connector/S0003,0.002741101430729
D_sub_connector/S0004,0.0016172155737876
D_sub_connector/S0005,0.0013845532666891
D_sub_connector/S0006,0.016333233565092
D_sub_connector/S0007,0.0115318764001131
D_sub_connector/S0008,0.0028765546157956
D_sub_connector/S0009,0.0111966114491224
D_sub_connector/S0010,0.0092217903584241
D_sub_connector/S0011,0.0083267530426383
D_sub_connector/S0012,0.0310122184455394
D_sub_connector/S0013,0.0032115026842802
D_sub_connector/S0014,0.014527503401041
D_sub_connector/S0015,0.0313504114747047
PLCC_socket/S0001,0.4810948967933655
PLCC_socket/S0002,0.5145758390426636
PLCC_socket/S0003,0.5462167263031006
PLCC_socket/S0004,0.8839190006256104
PLCC_socket/S0005,0.2364639341831207
PLCC_socket/S0006,0.9618098735809326
PLCC_socket/S0007,0.386675477027893
PLCC_socket/S0008,0.9511150121688844
PLCC_socket/S0009,1.0736043453216553
PLCC_socket/S0010,0.8204113245010376
PLCC_socket/S0011,1.4644330739974976
PLCC_socket/S0012,0.2647503912448883
PLCC_socket/S0013,0.7111304402351379
PLCC_socket/S0014,1.70493483543396
PLCC_socket/S0015,1.0737491846084597
VR_joystick/S0001,0.140697032213211
VR_joystick/S0002,0.0908462852239608
VR_joystick/S0003,0.1701710671186447
VR_joystick/S0004,0.0905413478612899
VR_joystick/S0005,0.2503196597099304
VR_joystick/S0006,0.1337451040744781
VR_joystick/S0007,0.204747200012207
VR_joystick/S0008,0.243385374546051
VR_joystick/S0009,0.3180840313434601
VR_joystick/S0010,0.517116367816925
VR_joystick/S0011,0.1673103421926498
VR_joystick/S0012,0.4545077681541443
VR_joystick/S0013,0.2739768624305725
VR_joystick/S0014,0.0608511939644813
VR_joystick/S0015,0.474517822265625
accurate_detection_switch/S0001,0.2041362822055816
accurate_detection_switch/S0002,0.0380233377218246
accurate_detection_switch/S0003,0.0264878775924444
accurate_detection_switch/S0004,0.1365317702293396
accurate_detection_switch/S0005,0.0272859185934066
accurate_detection_switch/S0006,0.0504352375864982
accurate_detection_switch/S0007,0.171672374010086
accurate_detection_switch/S0008,0.1098792105913162
accurate_detection_switch/S0009,0.1411295235157013
accurate_detection_switch/S0010,0.133582666516304
accurate_detection_switch/S0011,0.0893601775169372
accurate_detection_switch/S0012,0.0657328590750694
accurate_detection_switch/S0013,0.0193970613181591
accurate_detection_switch/S0014,0.1714482903480529
accurate_detection_switch/S0015,0.1688661724328994
battery/S0001,0.0257826969027519
battery/S0002,0.0818605422973632
battery/S0003,0.0977708101272583
battery/S0004,0.0557814575731754
battery/S0005,0.0023257252760231
battery/S0006,0.0384274907410144
battery/S0007,0.1144385561347007
battery/S0008,0.0231779254972934
battery/S0009,0.0794637948274612
battery/S0010,0.0868755877017974
battery/S0011,0.1982749551534652
battery/S0012,0.0973281487822532
battery/S0013,0.0316796712577343
battery/S0014,0.0377969183027744
battery/S0015,0.0426478050649166
blade_switch/S0001,0.0055266749113798
blade_switch/S0002,0.0074593406170606
blade_switch/S0003,0.0044025755487382
blade_switch/S0004,0.0021215113811194
blade_switch/S0005,0.0037984494119882
blade_switch/S0006,0.0724549740552902
blade_switch/S0007,0.0344723686575889
blade_switch/S0008,0.0079461224377155
blade_switch/S0009,0.0927614271640777
blade_switch/S0010,0.003928193822503
blade_switch/S0011,0.0030558318831026
blade_switch/S0012,0.0550544187426567
blade_switch/S0013,0.0571287348866462
blade_switch/S0014,0.0066404407843947
blade_switch/S0015,0.0019468928221613
boost_converter_module/S0001,0.0885061547160148
boost_converter_module/S0002,0.0764733403921127
boost_converter_module/S0003,0.0427888929843902
boost_converter_module/S0004,0.209551453590393
boost_converter_module/S0005,0.0730624347925186
boost_converter_module/S0006,0.0271891374140977
boost_converter_module/S0007,0.1025966554880142
boost_converter_module/S0008,0.022091805934906
boost_converter_module/S0009,0.0329316407442092
boost_converter_module/S0010,0.3458961844444275
boost_converter_module/S0011,0.3861616849899292
boost_converter_module/S0012,0.0876968130469322
boost_converter_module/S0013,0.0722079798579216
boost_converter_module/S0014,0.051942192018032
boost_converter_module/S0015,0.099166139960289
button_battery_holder/S0001,0.0255971923470497
button_battery_holder/S0002,0.0509819090366363
button_battery_holder/S0003,0.0417551770806312
button_battery_holder/S0004,0.033742681145668
button_battery_holder/S0005,0.1065417155623436
button_battery_holder/S0006,0.0622658878564834
button_battery_holder/S0007,0.0435773059725761
button_battery_holder/S0008,0.0202831178903579
button_battery_holder/S0009,0.0785452648997306
button_battery_holder/S0010,0.0587128102779388
button_battery_holder/S0011,0.083069235086441
button_battery_holder/S0012,0.0297259092330932
button_battery_holder/S0013,0.0792359411716461
button_battery_holder/S0014,0.0637533962726593
button_battery_holder/S0015,0.0605294443666935
circuit_breaker/S0001,0.0048780953511595
circuit_breaker/S0002,0.0201875623315572
circuit_breaker/S0003,0.0062335710972547
circuit_breaker/S0004,0.0181668102741241
circuit_breaker/S0005,0.0120300455018877
circuit_breaker/S0006,0.006206827238202
circuit_breaker/S0007,0.0093823876231908
circuit_breaker/S0008,0.009819108992815
circuit_breaker/S0009,0.0129374507814645
circuit_breaker/S0010,0.3115043342113495
circuit_breaker/S0011,0.0751701146364212
circuit_breaker/S0012,0.096149668097496
circuit_breaker/S0013,0.1880492568016052
circuit_breaker/S0014,0.0156745798885822
circuit_breaker/S0015,0.2819716930389404
connector_housing_female/S0001,0.0431049242615699
connector_housing_female/S0002,0.0537639521062374
connector_housing_female/S0003,0.3297078013420105
connector_housing_female/S0004,0.4468779265880584
connector_housing_female/S0005,0.4508902430534363
connector_housing_female/S0006,0.3576599061489105
connector_housing_female/S0007,0.2273496985435485
connector_housing_female/S0008,0.2585894167423248
connector_housing_female/S0009,0.3318069875240326
connector_housing_female/S0010,0.3757646083831787
connector_housing_female/S0011,0.2384012639522552
connector_housing_female/S0012,0.5235496759414673
connector_housing_female/S0013,0.4954265654087066
connector_housing_female/S0014,0.6964693665504456
connector_housing_female/S0015,0.3941295742988586
crimp_st_cable_mount_box/S0001,0.1852285414934158
crimp_st_cable_mount_box/S0002,0.611314058303833
crimp_st_cable_mount_box/S0003,1.347563624382019
crimp_st_cable_mount_box/S0004,0.6310654282569885
crimp_st_cable_mount_box/S0005,0.957205295562744
crimp_st_cable_mount_box/S0006,0.2769665718078613
crimp_st_cable_mount_box/S0007,0.772597074508667
crimp_st_cable_mount_box/S0008,0.4563722908496856
crimp_st_cable_mount_box/S0009,0.5308934450149536
crimp_st_cable_mount_box/S0010,0.9729649424552916
crimp_st_cable_mount_box/S0011,0.6472794413566589
crimp_st_cable_mount_box/S0012,0.1881658136844635
crimp_st_cable_mount_box/S0013,0.4802259802818298
crimp_st_cable_mount_box/S0014,0.423372358083725
crimp_st_cable_mount_box/S0015,1.450028657913208
dc_jack/S0001,0.0065799909643828
dc_jack/S0002,0.0001245042076334
dc_jack/S0003,0.0092051606625318
dc_jack/S0004,0.0111502800136804
dc_jack/S0005,0.1080450266599655
dc_jack/S0006,0.1132514327764511
dc_jack/S0007,0.0379352793097496
dc_jack/S0008,0.0768498554825782
dc_jack/S0009,0.0492243207991123
dc_jack/S0010,0.1260953992605209
dc_jack/S0011,0.0828617364168167
dc_jack/S0012,0.0163124427199363
dc_jack/S0013,0.0474376082420349
dc_jack/S0014,0.3469670414924621
dc_jack/S0015,0.6154688596725464
dc_power_connector/S0001,0.0042152041569352
dc_power_connector/S0002,0.0022860157769173
dc_power_connector/S0003,0.0036437506787478
dc_power_connector/S0004,0.005753587000072
dc_power_connector/S0005,0.0028689655009657
dc_power_connector/S0006,0.3052854537963867
dc_power_connector/S0007,0.0028638783842325
dc_power_connector/S0008,0.1851618587970733
dc_power_connector/S0009,0.0209298022091388
dc_power_connector/S0010,0.4196840524673462
dc_power_connector/S0011,0.2984094321727752
dc_power_connector/S0012,0.3055263161659241
dc_power_connector/S0013,0.0047285412438213
dc_power_connector/S0014,0.2670485973358154
dc_power_connector/S0015,0.0017535011284053
detection_switch/S0001,0.7022719383239746
detection_switch/S0002,0.7986383438110352
detection_switch/S0003,0.6250240206718445
detection_switch/S0004,0.71482253074646
detection_switch/S0005,0.5661526322364807
detection_switch/S0006,0.3188239932060241
detection_switch/S0007,0.7882413268089294
detection_switch/S0008,0.6067019701004028
detection_switch/S0009,0.8579695820808411
detection_switch/S0010,0.6711493730545044
detection_switch/S0011,0.5189346671104431
detection_switch/S0012,0.6718058586120605
detection_switch/S0013,0.2223391830921173
detection_switch/S0014,1.136289358139038
detection_switch/S0015,0.6429812908172607
effect_transistor/S0001,0.0522433742880821
effect_transistor/S0002,0.0771883130073547
effect_transistor/S0003,0.0469605177640914
effect_transistor/S0004,0.2487096488475799
effect_transistor/S0005,0.0590998977422714
effect_transistor/S0006,0.300093412399292
effect_transistor/S0007,0.1436732113361358
effect_transistor/S0008,0.0436280854046344
effect_transistor/S0009,0.0522462800145149
effect_transistor/S0010,0.1398034989833831
effect_transistor/S0011,0.0620014555752277
effect_transistor/S0012,0.128101497888565
effect_transistor/S0013,0.2971935868263244
effect_transistor/S0014,0.0700157582759857
effect_transistor/S0015,0.1547915041446685
electronic_watch_movement/S0001,0.1620317548513412
electronic_watch_movement/S0002,0.2408866733312606
electronic_watch_movement/S0003,0.0448263213038444
electronic_watch_movement/S0004,0.0437965132296085
electronic_watch_movement/S0005,0.0681031346321106
electronic_watch_movement/S0006,0.1485931873321533
electronic_watch_movement/S0007,0.3461799025535583
electronic_watch_movement/S0008,0.1670770049095153
electronic_watch_movement/S0009,0.0923214480280876
electronic_watch_movement/S0010,0.2319054156541824
electronic_watch_movement/S0011,0.0890862196683883
electronic_watch_movement/S0012,0.0097891138866543
electronic_watch_movement/S0013,0.585904598236084
electronic_watch_movement/S0014,0.0736736878752708
electronic_watch_movement/S0015,0.964756965637207
ffc_connector_plug/S0001,0.0124923475086689
ffc_connector_plug/S0002,0.0046147415414452
ffc_connector_plug/S0003,0.0209421161562204
ffc_connector_plug/S0004,0.0045479433611035
ffc_connector_plug/S0005,0.0268458649516105
ffc_connector_plug/S0006,0.0030536383856087
ffc_connector_plug/S0007,0.0481502376496791
ffc_connector_plug/S0008,0.0192650705575943
ffc_connector_plug/S0009,0.0346556864678859
ffc_connector_plug/S0010,0.0309705436229705
ffc_connector_plug/S0011,0.0501853637397289
ffc_connector_plug/S0012,0.0183035731315612
ffc_connector_plug/S0013,0.0150308888405561
ffc_connector_plug/S0014,0.0365402325987815
ffc_connector_plug/S0015,0.0178321544080972
ingot_buckle/S0001,0.0029705462511628
ingot_buckle/S0002,0.002164097269997
ingot_buckle/S0003,0.0012540358584374
ingot_buckle/S0004,0.0041664559394121
ingot_buckle/S0005,0.0032448223792016
ingot_buckle/S0006,0.0441031605005264
ingot_buckle/S0007,0.0030219997279345
ingot_buckle/S0008,0.0774594396352768
ingot_buckle/S0009,0.0258597396314144
ingot_buckle/S0010,0.030234657227993
ingot_buckle/S0011,0.0035507106222212
ingot_buckle/S0012,0.0050578890368342
ingot_buckle/S0013,0.0013050090055912
ingot_buckle/S0014,0.0098975747823715
ingot_buckle/S0015,0.019098337739706
laser_diode/S0001,0.0476192869246006
laser_diode/S0002,0.0032460568472743
laser_diode/S0003,0.0304432716220617
laser_diode/S0004,0.0074788434430956
laser_diode/S0005,0.0150848012417554
laser_diode/S0006,0.0135814435780048
laser_diode/S0007,0.0423556566238403
laser_diode/S0008,0.1123186200857162
laser_diode/S0009,0.0112935826182365
laser_diode/S0010,0.0435136966407299
laser_diode/S0011,0.1564958691596985
laser_diode/S0012,0.3158943057060241
laser_diode/S0013,0.06044452637434
laser_diode/S0014,0.0010922459186986
laser_diode/S0015,0.0177932679653167
lego_pin_connector_plate/S0001,0.0094226626679301
lego_pin_connector_plate/S0002,0.0424113310873508
lego_pin_connector_plate/S0003,0.0388889387249946
lego_pin_connector_plate/S0004,0.0057160193100571
lego_pin_connector_plate/S0005,0.0062283016741275
lego_pin_connector_plate/S0006,0.0071272356435656
lego_pin_connector_plate/S0007,0.0521173849701881
lego_pin_connector_plate/S0008,0.0066560758277773
lego_pin_connector_plate/S0009,0.0172367431223392
lego_pin_connector_plate/S0010,0.0129408882930874
lego_pin_connector_plate/S0011,0.0338964238762855
lego_pin_connector_plate/S0012,0.0287975296378135
lego_pin_connector_plate/S0013,0.0261181741952896
lego_pin_connector_plate/S0014,0.0381893068552017
lego_pin_connector_plate/S0015,0.0467608124017715
limit_switch/S0001,0.0012867031618952
limit_switch/S0002,0.0025459551252424
limit_switch/S0003,0.0023034210316836
limit_switch/S0004,0.0030765596311539
limit_switch/S0005,0.0044176499359309
limit_switch/S0006,0.0076256822794675
limit_switch/S0007,0.038039281964302
limit_switch/S0008,0.0260155759751796
limit_switch/S0009,0.0190380215644836
limit_switch/S0010,0.0152782257646322
limit_switch/S0011,0.0092719346284866
limit_switch/S0012,0.0238482225686311
limit_switch/S0013,0.0026377618778496
limit_switch/S0014,0.0021233577281236
limit_switch/S0015,0.022551342844963
lithium_battery_plug/S0001,0.0500099956989288
lithium_battery_plug/S0002,0.0597122460603714
lithium_battery_plug/S0003,0.4245648384094238
lithium_battery_plug/S0004,0.0434901639819145
lithium_battery_plug/S0005,0.1254133880138397
lithium_battery_plug/S0006,0.0481936261057853
lithium_battery_plug/S0007,0.4662434160709381
lithium_battery_plug/S0008,0.0581757128238678
lithium_battery_plug/S0009,0.3664796352386474
lithium_battery_plug/S0010,0.3193524777889251
lithium_battery_plug/S0011,0.0230734664946794
lithium_battery_plug/S0012,0.0499893352389335
lithium_battery_plug/S0013,0.2784314751625061
lithium_battery_plug/S0014,0.0558172017335891
lithium_battery_plug/S0015,0.0402724966406822
littel_fuse/S0001,0.5729923248291016
littel_fuse/S0002,1.0648249387741089
littel_fuse/S0003,0.5336422920227051
littel_fuse/S0004,0.6363987922668457
littel_fuse/S0005,0.4196373224258423
littel_fuse/S0006,0.8363173604011536
littel_fuse/S0007,0.7078936100006104
littel_fuse/S0008,0.4585288763046264
littel_fuse/S0009,0.4802488088607788
littel_fuse/S0010,0.8680331707000732
littel_fuse/S0011,0.6936635375022888
littel_fuse/S0012,1.195968508720398
littel_fuse/S0013,0.7810508608818054
littel_fuse/S0014,1.221587061882019
littel_fuse/S0015,0.8150686621665955
lock/S0001,0.0192235093563795
lock/S0002,0.0359279438853263
lock/S0003,0.0100197792053222
lock/S0004,0.0105047393590211
lock/S0005,0.01270043104887
lock/S0006,0.3621015548706054
lock/S0007,0.0470078811049461
lock/S0008,0.0663429871201515
lock/S0009,0.0871855467557907
lock/S0010,0.0856621786952018
lock/S0011,0.1353832483291626
lock/S0012,0.0777249336242675
lock/S0013,0.0495583117008209
lock/S0014,0.079065553843975
lock/S0015,0.1059603691101074
miniature_lifting_motor/S0001,0.0738569572567939
miniature_lifting_motor/S0002,0.0882581025362014
miniature_lifting_motor/S0003,0.271650493144989
miniature_lifting_motor/S0004,0.043193906545639
miniature_lifting_motor/S0005,0.058080069720745
miniature_lifting_motor/S0006,0.2867747545242309
miniature_lifting_motor/S0007,0.1386441588401794
miniature_lifting_motor/S0008,0.1022549718618393
miniature_lifting_motor/S0009,0.0670253559947013
miniature_lifting_motor/S0010,0.0450710505247116
miniature_lifting_motor/S0011,0.1004546806216239
miniature_lifting_motor/S0012,0.052205741405487
miniature_lifting_motor/S0013,1.0179548263549805
miniature_lifting_motor/S0014,0.0759748071432113
miniature_lifting_motor/S0015,0.2258889228105545
mobile_charging_connector/S0001,0.0096634551882743
mobile_charging_connector/S0002,0.014410987496376
mobile_charging_connector/S0003,0.0137146618217229
mobile_charging_connector/S0004,0.0149602647870779
mobile_charging_connector/S0005,0.014175877906382
mobile_charging_connector/S0006,0.007217600941658
mobile_charging_connector/S0007,0.0150712421163916
mobile_charging_connector/S0008,0.0176520254462957
mobile_charging_connector/S0009,0.0184770468622446
mobile_charging_connector/S0010,0.011646319180727
mobile_charging_connector/S0011,0.0151856439188122
mobile_charging_connector/S0012,0.0201180279254913
mobile_charging_connector/S0013,0.0064385063014924
mobile_charging_connector/S0014,0.0067028454504907
mobile_charging_connector/S0015,0.0374863073229789
motor_bracket/S0001,0.4606361091136932
motor_bracket/S0002,0.8960865139961243
motor_bracket/S0003,0.3763111233711242
motor_bracket/S0004,0.560442328453064
motor_bracket/S0005,1.2556318044662476
motor_bracket/S0006,0.804450273513794
motor_bracket/S0007,0.2883669734001159
motor_bracket/S0008,1.0698894262313845
motor_bracket/S0009,0.4433884620666504
motor_bracket/S0010,0.595726728439331
motor_bracket/S0011,0.994067907333374
motor_bracket/S0012,0.5582442879676819
motor_bracket/S0013,0.6463915109634399
motor_bracket/S0014,0.7664852142333984
motor_bracket/S0015,1.0937745571136477
motor_gear_reducer/S0001,0.0330589786171913
motor_gear_reducer/S0002,0.0218578726053237
motor_gear_reducer/S0003,0.0137363458052277
motor_gear_reducer/S0004,0.005999912507832
motor_gear_reducer/S0005,0.0062296325340867
motor_gear_reducer/S0006,0.0139750353991985
motor_gear_reducer/S0007,0.0206817314028739
motor_gear_reducer/S0008,0.0370512604713439
motor_gear_reducer/S0009,0.0127734243869781
motor_gear_reducer/S0010,0.0183232445269823
motor_gear_reducer/S0011,0.0157192312180995
motor_gear_reducer/S0012,0.0450427755713462
motor_gear_reducer/S0013,0.0363261550664901
motor_gear_reducer/S0014,0.0221321787685155
motor_gear_reducer/S0015,0.0267306268215179
motor_plug/S0001,0.1312368810176849
motor_plug/S0002,0.7556627988815308
motor_plug/S0003,1.0245509147644043
motor_plug/S0004,0.2798173725605011
motor_plug/S0005,0.4798970222473144
motor_plug/S0006,0.6791021227836609
motor_plug/S0007,0.9138221144676208
motor_plug/S0008,0.418618232011795
motor_plug/S0009,1.5477242469787598
motor_plug/S0010,1.1083074808120728
motor_plug/S0011,0.7699368000030518
motor_plug/S0012,0.6831080913543701
motor_plug/S0013,1.1780328750610352
motor_plug/S0014,1.1384421586990356
motor_plug/S0015,0.353458821773529
pencil_sharpener/S0001,0.0928065404295921
pencil_sharpener/S0002,0.0486602932214736
pencil_sharpener/S0003,0.0896808952093124
pencil_sharpener/S0004,0.0604094639420509
pencil_sharpener/S0005,0.0770777612924575
pencil_sharpener/S0006,0.7655218839645386
pencil_sharpener/S0007,0.7753409147262573
pencil_sharpener/S0008,0.0920407474040985
pencil_sharpener/S0009,0.0774249732494354
pencil_sharpener/S0010,0.1558534204959869
pencil_sharpener/S0011,0.1048315614461898
pencil_sharpener/S0012,0.4066014587879181
pencil_sharpener/S0013,0.5431962609291077
pencil_sharpener/S0014,0.0619702190160751
pencil_sharpener/S0015,0.7313612699508667
pinboard_connector/S0001,0.4655830860137939
pinboard_connector/S0002,0.0701594054698944
pinboard_connector/S0003,0.1380801796913147
pinboard_connector/S0004,0.1250455677509308
pinboard_connector/S0005,0.1272152960300445
pinboard_connector/S0006,0.0406709872186183
pinboard_connector/S0007,0.1220975294709205
pinboard_connector/S0008,0.1229384094476699
pinboard_connector/S0009,0.2961801588535309
pinboard_connector/S0010,0.0615857243537902
pinboard_connector/S0011,0.0691445991396904
pinboard_connector/S0012,0.1023063287138938
pinboard_connector/S0013,0.1554999500513076
pinboard_connector/S0014,0.4714839458465576
pinboard_connector/S0015,0.1827053427696228
potentiometer/S0001,0.130779355764389
potentiometer/S0002,0.0429926849901676
potentiometer/S0003,0.0340916477143764
potentiometer/S0004,0.0301962718367576
potentiometer/S0005,0.0434530600905418
potentiometer/S0006,0.0449725575745105
potentiometer/S0007,0.0587130039930343
potentiometer/S0008,0.0352229885756969
potentiometer/S0009,0.0621871277689933
potentiometer/S0010,0.4943532645702362
potentiometer/S0011,0.069527544081211
potentiometer/S0012,0.0560552254319191
potentiometer/S0013,0.0526675991714
potentiometer/S0014,0.1163951531052589
potentiometer/S0015,1.4435665607452393
power_jack/S0001,0.1523263454437255
power_jack/S0002,0.1138523072004318
power_jack/S0003,0.201719731092453
power_jack/S0004,0.0973066091537475
power_jack/S0005,0.148527592420578
power_jack/S0006,0.2223755419254303
power_jack/S0007,0.6704776287078857
power_jack/S0008,0.0873063504695892
power_jack/S0009,0.1080425083637237
power_jack/S0010,0.0672301724553108
power_jack/S0011,0.1616451144218444
power_jack/S0012,0.1346167027950287
power_jack/S0013,0.0345949418842792
power_jack/S0014,0.6334367990493774
power_jack/S0015,0.0545204877853393
power_strip_socket/S0001,0.0081002907827496
power_strip_socket/S0002,0.0423922538757324
power_strip_socket/S0003,0.0073635820299386
power_strip_socket/S0004,0.0048692966811358
power_strip_socket/S0005,0.0091877905651927
power_strip_socket/S0006,0.0290397070348262
power_strip_socket/S0007,0.0222672428935766
power_strip_socket/S0008,0.0153039097785949
power_strip_socket/S0009,0.0160509273409843
power_strip_socket/S0010,0.0185037497431039
power_strip_socket/S0011,0.0103227663785219
power_strip_socket/S0012,0.0095095038414001
power_strip_socket/S0013,0.0079395789653062
power_strip_socket/S0014,0.0096796359866857
power_strip_socket/S0015,0.0125505104660987
purple_clay_pot/S0001,0.0125874057412147
purple_clay_pot/S0002,0.0198253542184829
purple_clay_pot/S0003,0.0247415192425251
purple_clay_pot/S0004,0.0127285756170749
purple_clay_pot/S0005,0.0082095619291067
purple_clay_pot/S0006,0.0170530173927545
purple_clay_pot/S0007,0.0345116853713989
purple_clay_pot/S0008,0.0242229271680116
purple_clay_pot/S0009,0.0383378900587558
purple_clay_pot/S0010,0.0123425871133804
purple_clay_pot/S0011,0.7683995366096497
purple_clay_pot/S0012,0.0159777123481035
purple_clay_pot/S0013,0.1952278763055801
purple_clay_pot/S0014,0.0192103404551744
purple_clay_pot/S0015,0.0259623955935239
retaining_ring/S0001,0.0508207380771636
retaining_ring/S0002,0.0498294495046138
retaining_ring/S0003,0.0400789342820644
retaining_ring/S0004,0.0672910660505294
retaining_ring/S0005,0.0343575514853
retaining_ring/S0006,0.1499173045158386
retaining_ring/S0007,0.099152885377407
retaining_ring/S0008,0.0718498826026916
retaining_ring/S0009,0.1705458760261535
retaining_ring/S0010,0.07183638215065
retaining_ring/S0011,0.1776673197746276
retaining_ring/S0012,0.0842363387346267
retaining_ring/S0013,0.0719525292515754
retaining_ring/S0014,0.0527973547577858
retaining_ring/S0015,1.1793396472930908
rheostat/S0001,0.0023584975861012
rheostat/S0002,0.0698214024305343
rheostat/S0003,0.0091220112517476
rheostat/S0004,0.0017294893041253
rheostat/S0005,0.0024240044876933
rheostat/S0006,0.0784715563058853
rheostat/S0007,0.018130037933588
rheostat/S0008,0.001829660963267
rheostat/S0009,0.005102053284645
rheostat/S0010,0.0025617242790758
rheostat/S0011,0.0019768411293625
rheostat/S0012,0.0047827502712607
rheostat/S0013,0.1727177053689956
rheostat/S0014,0.0106709897518157
rheostat/S0015,0.0039227763190865
self_lock_switch/S0001,0.0132926953956484
self_lock_switch/S0002,0.0075425957329571
self_lock_switch/S0003,0.0113966725766658
self_lock_switch/S0004,0.0061316452920436
self_lock_switch/S0005,0.0109454933553934
self_lock_switch/S0006,0.0058456687256693
self_lock_switch/S0007,0.0132205002009868
self_lock_switch/S0008,0.0062890229746699
self_lock_switch/S0009,0.0251548700034618
self_lock_switch/S0010,0.0092708822339773
self_lock_switch/S0011,0.0117524378001689
self_lock_switch/S0012,0.0189960915595293
self_lock_switch/S0013,0.0156460013240575
self_lock_switch/S0014,0.0326135754585266
self_lock_switch/S0015,0.015370468609035
silicon_cell_sensor/S0001,0.0560305826365947
silicon_cell_sensor/S0002,0.0062295701354742
silicon_cell_sensor/S0003,0.0136703643947839
silicon_cell_sensor/S0004,0.0273478254675865
silicon_cell_sensor/S0005,0.0071092434227466
silicon_cell_sensor/S0006,0.0073945596814155
silicon_cell_sensor/S0007,0.0058500617742538
silicon_cell_sensor/S0008,0.0217424966394901
silicon_cell_sensor/S0009,0.0766266882419586
silicon_cell_sensor/S0010,0.0277454406023025
silicon_cell_sensor/S0011,0.0156065039336681
silicon_cell_sensor/S0012,0.0115630999207496
silicon_cell_sensor/S0013,0.0494835935533046
silicon_cell_sensor/S0014,0.0051495023071765
silicon_cell_sensor/S0015,0.0074103847146034
single_switch/S0001,0.0016214502975344
single_switch/S0002,0.0058507421053946
single_switch/S0003,0.002910905284807
single_switch/S0004,0.0427956916391849
single_switch/S0005,0.0086881387978792
single_switch/S0006,0.0323201790452003
single_switch/S0007,0.1279526501893997
single_switch/S0008,0.0285175256431102
single_switch/S0009,0.059748463332653
single_switch/S0010,0.0768876373767852
single_switch/S0011,0.0027929847128689
single_switch/S0012,0.0761745199561119
single_switch/S0013,0.0689106434583664
single_switch/S0014,0.0486490130424499
single_switch/S0015,0.0952274426817894
smd_receiver_module/S0001,0.6392754316329956
smd_receiver_module/S0002,0.1226861178874969
smd_receiver_module/S0003,0.6163739562034607
smd_receiver_module/S0004,0.4483728110790252
smd_receiver_module/S0005,0.3279609084129333
smd_receiver_module/S0006,0.1305309534072876
smd_receiver_module/S0007,0.2025495767593383
smd_receiver_module/S0008,0.1184316277503967
smd_receiver_module/S0009,0.452558696269989
smd_receiver_module/S0010,0.4890606999397278
smd_receiver_module/S0011,0.8789116144180298
smd_receiver_module/S0012,0.2125919461250305
smd_receiver_module/S0013,0.1992346346378326
smd_receiver_module/S0014,0.6927129030227661
smd_receiver_module/S0015,0.4531489014625549
suction_cup/S0001,0.0144225787371397
suction_cup/S0002,0.0046816002577543
suction_cup/S0003,0.0197363328188657
suction_cup/S0004,0.0295824464410543
suction_cup/S0005,0.0294926799833774
suction_cup/S0006,0.0610625818371772
suction_cup/S0007,0.0489841699600219
suction_cup/S0008,0.024717878550291
suction_cup/S0009,0.0214357338845729
suction_cup/S0010,0.0193503703922033
suction_cup/S0011,0.0153103470802307
suction_cup/S0012,0.032077133655548
suction_cup/S0013,0.0211649239063262
suction_cup/S0014,0.0228716805577278
suction_cup/S0015,0.0240048952400684
toy_tire/S0001,0.0648194327950477
toy_tire/S0002,0.1009957566857338
toy_tire/S0003,0.0551489852368831
toy_tire/S0004,0.0351298972964286
toy_tire/S0005,0.0611891858279705
toy_tire/S0006,0.172149047255516
toy_tire/S0007,0.0651450082659721
toy_tire/S0008,0.0823577642440795
toy_tire/S0009,0.0831590592861175
toy_tire/S0010,0.1050860285758972
toy_tire/S0011,0.0755246728658676
toy_tire/S0012,0.0765522196888923
toy_tire/S0013,0.1258326470851898
toy_tire/S0014,0.0661037787795066
toy_tire/S0015,0.0821077600121498
travel_switch/S0001,0.0440844595432281
travel_switch/S0002,0.0170547552406787
travel_switch/S0003,0.0374051518738269
travel_switch/S0004,0.0203836373984813
travel_switch/S0005,0.0373593904078006
travel_switch/S0006,0.0161433853209018
travel_switch/S0007,0.0765184611082077
travel_switch/S0008,0.0233673304319381
travel_switch/S0009,0.0744518935680389
travel_switch/S0010,0.0729293748736381
travel_switch/S0011,0.2596142888069153
travel_switch/S0012,0.020614568144083
travel_switch/S0013,0.0190858356654644
travel_switch/S0014,0.2874007225036621
travel_switch/S0015,0.0419828258454799
vacuum_switch/S0001,0.0034960438497364
vacuum_switch/S0002,0.0014413602184504
vacuum_switch/S0003,0.0042517064139246
vacuum_switch/S0004,0.0053427815437316
vacuum_switch/S0005,0.0020370697602629
vacuum_switch/S0006,0.0022284383885562
vacuum_switch/S0007,0.0010772941168397
vacuum_switch/S0008,0.0038696965202689
vacuum_switch/S0009,0.0769793912768364
vacuum_switch/S0010,0.0020463224500417
vacuum_switch/S0011,0.0043633449822664
vacuum_switch/S0012,0.0150286499410867
vacuum_switch/S0013,0.0180133357644081
vacuum_switch/S0014,0.0030596286524087
vacuum_switch/S0015,0.0048443721607327
vehicle_harness_conductor/S0001,0.0574089288711547
vehicle_harness_conductor/S0002,0.0512311607599258
vehicle_harness_conductor/S0003,0.013871869072318
vehicle_harness_conductor/S0004,0.0158961191773414
vehicle_harness_conductor/S0005,0.0093232933431863
vehicle_harness_conductor/S0006,0.0831592381000518
vehicle_harness_conductor/S0007,0.0116944890469312
vehicle_harness_conductor/S0008,0.0062335254624485
vehicle_harness_conductor/S0009,0.0272896960377693
vehicle_harness_conductor/S0010,0.0756672471761703
vehicle_harness_conductor/S0011,0.0035751925315707
vehicle_harness_conductor/S0012,0.0113072656095027
vehicle_harness_conductor/S0013,0.0154520319774746
vehicle_harness_conductor/S0014,0.1916985213756561
vehicle_harness_conductor/S0015,0.0262982062995433
vibration_motor/S0001,0.0117348013445734
vibration_motor/S0002,0.01509840041399
vibration_motor/S0003,0.0058530555106699
vibration_motor/S0004,0.022129850462079
vibration_motor/S0005,0.0188810341060161
vibration_motor/S0006,0.0389885976910591
vibration_motor/S0007,0.0637749060988426
vibration_motor/S0008,0.0181630477309227
vibration_motor/S0009,0.0112853404134511
vibration_motor/S0010,0.1159043237566948
vibration_motor/S0011,0.0271584950387477
vibration_motor/S0012,0.018156960606575
vibration_motor/S0013,0.0690199360251426
vibration_motor/S0014,0.0608414635062217
vibration_motor/S0015,0.0720485597848892
wireless_receiver_module/S0001,0.115081787109375
wireless_receiver_module/S0002,0.1601672768592834
wireless_receiver_module/S0003,0.0835747569799423
wireless_receiver_module/S0004,0.1393492817878723
wireless_receiver_module/S0005,0.1126767247915268
wireless_receiver_module/S0006,0.8702237606048584
wireless_receiver_module/S0007,0.4013678431510925
wireless_receiver_module/S0008,0.8798596858978271
wireless_receiver_module/S0009,0.9863905906677246
wireless_receiver_module/S0010,1.0577322244644165
wireless_receiver_module/S0011,0.1489984095096588
wireless_receiver_module/S0012,0.3675559759140014
wireless_receiver_module/S0013,0.3718403875827789
wireless_receiver_module/S0014,0.2036027312278747
wireless_receiver_module/S0015,0.1270926147699356
